Week,Rank,Percentage,Rank + Judge Save,Percentage + Judge Save
S1W2,0.0,0.0,0.0,0.0
S1W4,0.0,0.0,0.0,0.0
S2W3,0.0,0.0,0.0,0.0
S2W5,1.0,0.0,0.0,0.0
S2W6,1.0,0.0,0.0,0.0
S2W7,0.15533333333333332,0.0,0.0,0.010666666666666666
S3W1,0.888,1.0,0.9913333333333333,1.0
S3W2,0.13133333333333333,1.0,0.002,0.12333333333333334
S3W3,0.96,1.0,0.0013333333333333333,0.5746666666666667
S3W4,0.9546666666666667,1.0,0.006,0.3406666666666667
S3W5,0.0,1.0,0.0,0.30666666666666664
S3W7,0.9246666666666666,1.0,0.9986666666666667,1.0
S3W8,1.0,1.0,1.0,1.0
S4W2,0.448,1.0,0.004,0.6306666666666667
S4W3,0.46266666666666667,1.0,0.026,0.3586666666666667
S4W4,0.49733333333333335,1.0,0.13133333333333333,0.7466666666666667
S4W5,0.8833333333333333,1.0,0.97,1.0
S4W6,0.57,1.0,0.10133333333333333,0.26666666666666666
S4W7,0.9926666666666667,1.0,0.2786666666666667,0.372
S4W8,0.824,1.0,0.9926666666666667,1.0
S4W9,1.0,1.0,1.0,1.0
S5W1,0.9513333333333334,1.0,0.9913333333333333,1.0
S5W2,0.034,1.0,0.11733333333333333,0.3973333333333333
S5W3,0.9553333333333334,1.0,0.9946666666666667,1.0
S5W4,0.9466666666666667,1.0,0.4,0.6013333333333334
S5W5,0.8566666666666667,1.0,0.41533333333333333,1.0
S5W6,0.24533333333333332,1.0,0.017333333333333333,0.39866666666666667
S5W7,0.992,1.0,1.0,1.0
S5W8,0.808,1.0,0.007333333333333333,0.332
S5W9,0.9986666666666667,1.0,0.008666666666666666,0.5666666666666667
S6W2,0.8066666666666666,1.0,0.424,0.388
S6W3,1.0,1.0,0.023333333333333334,0.666
S6W4,0.9006666666666666,1.0,0.9933333333333333,1.0
S6W5,0.9893333333333333,1.0,0.9993333333333333,1.0
S6W6,0.992,1.0,0.996,1.0
S6W7,0.7293333333333333,1.0,0.08133333333333333,0.504
S6W8,0.31266666666666665,1.0,0.036,0.3953333333333333
S6W9,0.998,1.0,1.0,1.0
S7W1,0.8246666666666667,1.0,0.9666666666666667,1.0
S7W2,0.6926666666666667,1.0,0.12333333333333334,0.17133333333333334
S7W4,0.942,1.0,0.9973333333333333,1.0
S7W5,0.24133333333333334,1.0,0.023333333333333334,0.396
S7W6,0.9626666666666667,1.0,0.974,1.0
S7W7,0.896,1.0,0.062,0.2826666666666667
S7W8,0.674,1.0,0.196,1.0
S7W9,0.9973333333333333,1.0,0.9986666666666667,1.0
S8W1,0.9633333333333334,1.0,0.54,0.46066666666666667
S8W2,0.47533333333333333,1.0,0.016666666666666666,0.18866666666666668
S8W3,0.9773333333333334,1.0,0.30666666666666664,0.146
S8W4,0.648,1.0,0.14,0.074
S8W5,0.632,1.0,0.048666666666666664,0.14133333333333334
S8W6,0.9466666666666667,1.0,0.9966666666666667,1.0
S8W7,0.974,1.0,0.99,1.0
S8W8,0.994,1.0,0.13266666666666665,0.5413333333333333
S8W9,0.846,1.0,0.2753333333333333,0.6726666666666666
S8W10,0.9806666666666667,1.0,0.992,1.0
S9W1,0.9006666666666666,1.0,0.584,1.0
S9W2,0.9966666666666667,1.0,0.48733333333333334,1.0
S9W3,0.972,1.0,0.21533333333333332,0.362
S9W4,0.9053333333333333,1.0,0.492,0.42866666666666664
S9W5,0.9953333333333333,1.0,0.5126666666666667,0.8506666666666667
S9W6,0.762,1.0,0.2773333333333333,0.36866666666666664
S9W7,0.8253333333333334,1.0,0.356,0.488
S9W8,1.0,1.0,0.532,1.0
S9W9,0.68,1.0,0.0,0.13066666666666665
S10W2,0.6493333333333333,1.0,0.007333333333333333,0.10266666666666667
S10W3,0.928,1.0,0.9826666666666667,1.0
S10W4,0.9913333333333333,1.0,0.466,0.6013333333333334
S10W5,0.8806666666666667,1.0,0.9966666666666667,1.0
S10W6,0.9673333333333334,1.0,1.0,1.0
S10W7,0.7413333333333333,1.0,0.05466666666666667,0.622
S10W8,0.9973333333333333,1.0,0.996,1.0
S10W9,0.994,1.0,0.994,1.0
S11W1,1.0,1.0,0.31466666666666665,1.0
S11W2,0.752,1.0,0.934,1.0
S11W3,0.978,1.0,0.998,1.0
S11W4,0.9593333333333334,1.0,0.9933333333333333,1.0
S11W5,0.8966666666666666,1.0,0.14133333333333334,0.23533333333333334
S11W6,0.004,1.0,0.0,0.006666666666666667
S11W7,0.5453333333333333,1.0,0.023333333333333334,0.36533333333333334
S11W8,0.8966666666666666,1.0,0.14533333333333334,0.5026666666666667
S11W9,0.9853333333333333,1.0,0.008,0.584
S12W2,0.9553333333333334,1.0,0.362,1.0
S12W3,0.884,1.0,0.988,1.0
S12W4,0.974,1.0,0.5186666666666667,0.5593333333333333
S12W5,0.754,1.0,0.16,1.0
S12W6,0.9226666666666666,1.0,0.9993333333333333,1.0
S12W7,0.4066666666666667,1.0,0.017333333333333333,0.43666666666666665
S12W8,0.7713333333333333,1.0,0.32866666666666666,0.502
S12W9,0.992,1.0,0.994,1.0
S13W1,0.9406666666666667,1.0,0.988,1.0
S13W2,0.5806666666666667,1.0,0.0,0.22733333333333333
S13W3,0.16,1.0,0.02266666666666667,0.23
S13W4,0.9993333333333333,1.0,0.078,0.7526666666666667
S13W5,0.9726666666666667,1.0,0.9893333333333333,1.0
S13W6,0.9826666666666667,1.0,0.9993333333333333,1.0
S13W7,1.0,1.0,0.19466666666666665,0.5393333333333333
S13W8,0.9586666666666667,1.0,0.996,1.0
S13W9,0.874,1.0,0.998,1.0
S14W2,0.9086666666666666,1.0,0.9866666666666667,1.0
S14W3,1.0,1.0,0.07,1.0
S14W4,0.98,1.0,0.534,0.7166666666666667
S14W5,0.8953333333333333,1.0,0.9913333333333333,1.0
S14W6,0.8846666666666667,1.0,0.9866666666666667,1.0
S14W7,0.9986666666666667,1.0,0.28933333333333333,0.568
S14W8,0.998,1.0,1.0,1.0
S14W9,0.0,1.0,0.0,0.0
S15W1,0.9093333333333333,1.0,0.9873333333333333,1.0
S15W2,0.32666666666666666,1.0,0.018,0.2633333333333333
S15W3,0.736,1.0,0.12533333333333332,0.708
S15W4,0.8433333333333334,1.0,0.374,0.4653333333333333
S15W6,0.002,1.0,0.0,0.026
S15W8,0.992,1.0,0.9953333333333333,1.0
S15W9,0.9953333333333333,1.0,1.0,1.0
S16W1,0.0,1.0,0.0,0.01
S16W3,0.892,1.0,0.9873333333333333,1.0
S16W4,0.902,1.0,0.736,1.0
S16W5,0.9846666666666667,1.0,0.568,1.0
S16W6,0.9813333333333333,1.0,0.9953333333333333,1.0
S16W7,0.858,1.0,0.968,1.0
S16W8,0.882,1.0,0.996,1.0
S16W9,0.998,1.0,0.9926666666666667,1.0
S16W10,0.9766666666666667,1.0,0.030666666666666665,0.6866666666666666
S17W1,0.878,1.0,0.5206666666666667,0.21066666666666667
S17W2,0.9473333333333334,1.0,0.5846666666666667,0.5833333333333334
S17W3,0.7306666666666667,1.0,0.5686666666666667,1.0
S17W4,0.9566666666666667,1.0,0.974,1.0
S17W5,0.0,1.0,0.0,0.04933333333333333
S17W7,0.30266666666666664,1.0,0.04066666666666666,0.468
S17W8,0.9053333333333333,1.0,0.11666666666666667,0.338
S17W9,0.192,1.0,0.0,0.044
S17W10,0.9933333333333333,1.0,0.2886666666666667,0.38
S17W11,0.982,1.0,1.0,1.0
S18W1,0.844,1.0,0.020666666666666667,0.25133333333333335
S18W5,0.94,1.0,0.5013333333333333,0.44466666666666665
S18W6,0.7806666666666666,1.0,0.372,1.0
S18W7,0.938,1.0,1.0,1.0
S18W8,0.24,1.0,0.0,0.09933333333333333
S18W9,0.20066666666666666,1.0,0.028666666666666667,0.534
S18W10,1.0,1.0,0.14066666666666666,0.358
S19W1,0.0,1.0,0.0,0.011333333333333334
S19W2,0.3253333333333333,1.0,0.22733333333333333,0.6353333333333333
S19W3,0.966,1.0,0.9953333333333333,1.0
S19W4,0.23466666666666666,1.0,0.034,0.124
S19W6,0.634,1.0,0.020666666666666667,0.25733333333333336
S19W7,1.0,1.0,0.456,0.664
S19W8,0.8466666666666667,1.0,0.9813333333333333,1.0
S19W9,0.998,1.0,0.428,0.37733333333333335
S19W10,0.966,1.0,0.9966666666666667,1.0
S19W11,0.9853333333333333,1.0,1.0,1.0
S20W2,0.018666666666666668,1.0,0.0,0.035333333333333335
S20W3,0.9873333333333333,1.0,0.6786666666666666,1.0
S20W4,0.818,1.0,0.09066666666666667,0.3253333333333333
S20W5,0.6653333333333333,1.0,0.0033333333333333335,0.17
S20W6,0.524,1.0,0.146,0.704
S20W7,0.05266666666666667,1.0,0.0,0.016
S20W8,0.3353333333333333,1.0,0.020666666666666667,0.10933333333333334
S20W9,0.0,1.0,0.0,0.3006666666666667
S21W1,0.032,1.0,0.0,0.0006666666666666666
S21W2,0.8993333333333333,1.0,0.9873333333333333,1.0
S21W4,0.9486666666666667,1.0,0.9666666666666667,1.0
S21W6,0.8726666666666667,1.0,0.9866666666666667,1.0
S21W7,0.0,1.0,0.011333333333333334,0.332
S21W8,0.9453333333333334,1.0,0.998,1.0
S21W9,0.19,1.0,0.0,0.08133333333333333
S21W11,1.0,1.0,0.0,0.5153333333333333
S22W2,0.8566666666666667,1.0,0.9833333333333333,1.0
S22W3,0.9886666666666667,1.0,0.9966666666666667,1.0
S22W4,0.7233333333333334,1.0,0.296,0.22133333333333333
S22W6,0.89,1.0,0.994,1.0
S22W7,0.4673333333333333,1.0,0.035333333333333335,0.6926666666666667
S22W8,0.2833333333333333,1.0,0.0,0.18466666666666667
S22W9,0.0,1.0,0.0,0.0
S23W1,0.064,1.0,0.004666666666666667,0.12
S23W2,1.0,1.0,0.23733333333333334,0.5873333333333334
S23W3,0.9933333333333333,1.0,0.616,1.0
S23W4,0.362,1.0,0.006,0.31533333333333335
S23W6,0.9686666666666667,1.0,0.9993333333333333,1.0
S23W7,1.0,1.0,0.13933333333333334,0.564
S23W8,0.6253333333333333,1.0,0.07533333333333334,0.09266666666666666
S23W9,1.0,1.0,0.4146666666666667,1.0
S23W10,0.0,1.0,0.0,0.12933333333333333
S23W11,0.9553333333333334,1.0,0.9993333333333333,1.0
S24W2,0.7233333333333334,1.0,0.444,1.0
S24W3,1.0,1.0,0.348,1.0
S24W4,0.988,1.0,0.9946666666666667,1.0
S24W5,0.5373333333333333,1.0,0.13733333333333334,0.57
S24W6,0.0006666666666666666,1.0,0.0,0.0
S24W7,0.608,1.0,0.10333333333333333,0.28
S24W8,0.9733333333333334,1.0,0.9766666666666667,1.0
S24W9,0.19266666666666668,1.0,0.0,0.0
S25W1,0.796,1.0,0.382,0.314
S25W2,0.3586666666666667,1.0,0.007333333333333333,0.24733333333333332
S25W4,0.976,1.0,0.534,0.762
S25W5,1.0,1.0,0.21066666666666667,0.636
